{"cameraMode":{"drawMode":0,"name":"Shaded","section":"Shading Mode"},"sceneLighting":true,"audioPlay":false,"sceneViewState":{"m_AlwaysRefresh":false,"showFog":true,"showSkybox":true,"showFlares":true,"showImageEffects":true,"showParticleSystems":true,"showVisualEffectGraphs":true,"m_FxEnabled":true},"in2DMode":false,"pivot":{"x":-0.053134918212890628,"y":0.5527477264404297,"z":-13.687657356262207},"rotation":{"x":0.04557676613330841,"y":-0.7056363821029663,"z":0.045576781034469607,"w":0.7056363821029663},"size":1.5307775735855103,"orthographic":true}