{"cameraMode":{"drawMode":0,"name":"Shaded","section":"Shading Mode"},"sceneLighting":true,"audioPlay":false,"sceneViewState":{"m_AlwaysRefresh":false,"showFog":true,"showSkybox":true,"showFlares":true,"showImageEffects":true,"showParticleSystems":true,"showVisualEffectGraphs":true,"m_FxEnabled":true},"in2DMode":false,"pivot":{"x":1.6817246675491334,"y":55.11400604248047,"z":-174.4552001953125},"rotation":{"x":0.13607634603977204,"y":-0.0014860467053949833,"z":0.00020411463628988713,"w":0.9906969666481018},"size":10.47381591796875,"orthographic":true}