{"cameraMode":{"drawMode":0,"name":"Shaded","section":"Shading Mode"},"sceneLighting":true,"audioPlay":false,"sceneViewState":{"m_AlwaysRefresh":false,"showFog":true,"showSkybox":true,"showFlares":true,"showImageEffects":true,"showParticleSystems":true,"showVisualEffectGraphs":true,"m_FxEnabled":true},"in2DMode":false,"pivot":{"x":0.12482064962387085,"y":4.257772445678711,"z":1.7537298202514649},"rotation":{"x":0.13845154643058778,"y":-0.0029711369425058367,"z":0.0004153081390541047,"w":0.9903625845909119},"size":23.845260620117189,"orthographic":true}